id,nombre,horasTrabajadas,sueldo
1,Leo,144,$9044.12
2,Sherri,154,$16517.15
3,Caryn,70,$19913.95
4,Rahel,22,$7991.46
5,Kayne,106,$25601.47
6,Darci,138,$7451.53
7,Rice,71,$21481.99
8,Marc,143,$29524.89
9,Michaeline,183,$14499.05
10,Wain,177,$26379.83
11,Vassili,105,$27833.47
12,Alicia,100,$29175.21
13,Arvin,30,$14869.03
14,Hetti,97,$22490.67
15,Ula,39,$25627.18
16,Webb,78,$27005.09
17,Kinsley,50,$7792.27
18,Ophelie,41,$22450.89
19,Sophia,21,$11459.10
20,Vinni,198,$6400.85
21,Corabel,167,$20407.36
22,Morgen,21,$14025.09
23,Magdalen,145,$16857.14
24,Aloysius,80,$26170.91
25,Conrad,20,$15713.06
26,Dorey,119,$27055.97
27,Ara,46,$14290.87
28,Markos,96,$15070.19
29,Cybill,30,$8185.06
30,Cristi,78,$28647.56
31,Cchaddie,143,$18572.45
32,Sharon,140,$12942.19
33,Jose,105,$26810.76
34,Cori,162,$24071.65
35,Demetria,74,$14514.29
36,Guy,145,$11733.96
37,Shadow,37,$22725.96
38,Eleen,117,$12780.74
39,Loy,59,$26997.75
40,Craggy,45,$27618.67
41,Jessica,128,$14143.88
42,Flor,74,$22121.40
43,Marius,181,$8048.57
44,Chase,110,$9465.09
45,Jocelin,163,$29066.09
46,Tish,174,$6153.77
47,Stefan,130,$26234.12
48,Penrod,74,$11692.52
49,Adora,136,$28455.78
50,Selie,91,$18299.98
51,Rosaline,69,$28943.44
52,Kiersten,30,$16073.82
53,Tallie,156,$19105.84
54,Jolyn,146,$15173.67
55,Ker,121,$29294.31
56,Kitty,22,$28191.48
57,Damon,112,$27237.56
58,Ertha,98,$10031.26
59,Lucio,110,$14964.88
60,Wain,85,$16032.42
61,Lulita,80,$11061.31
62,Hervey,110,$13107.12
63,Meggie,193,$18468.52
64,Pablo,151,$19530.05
65,Wilona,20,$10256.95
66,Teena,168,$8774.19
67,Griffin,178,$23473.04
68,Giulia,148,$19946.88
69,Christie,122,$17107.27
70,Ulrika,22,$21642.37
71,Claus,151,$6471.70
72,Jena,117,$20309.67
73,Marge,195,$9579.94
74,Annora,133,$20944.31
75,Pauline,129,$19904.36
76,Constantine,133,$26999.86
77,Brendin,74,$7233.10
78,Rosaline,130,$26349.00
79,Whitney,115,$19852.70
80,Jaquenetta,175,$27189.66
81,Gill,177,$6207.31
82,Jessamine,29,$18382.57
83,Yehudit,181,$20502.34
84,Adelbert,102,$7207.84
85,Jana,131,$20015.22
86,Sibella,45,$28047.37
87,Filmer,137,$6217.65
88,Barbie,49,$10961.57
89,Lynnett,155,$11365.12
90,Pierce,132,$10138.03
91,Millard,34,$17117.07
92,Harlen,102,$16280.62
93,Gian,169,$10428.80
94,Thorsten,93,$14925.05
95,Gloria,128,$19543.37
96,Caryl,183,$7056.42
97,Bridget,49,$7630.28
98,Hansiain,23,$9517.65
99,Amii,55,$6471.50
100,Dominica,39,$6192.42
101,Xylia,61,$28216.72
102,Melvyn,68,$15360.53
103,Harris,90,$20955.29
104,Milton,35,$16748.76
105,Ashlee,80,$14416.24
106,Lou,29,$7106.92
107,Kristopher,44,$13316.50
108,Fletch,181,$26793.69
109,Dewie,117,$13138.43
110,Lisa,133,$13026.44
111,Hobart,117,$8725.38
112,Tristan,155,$25729.11
113,Haywood,152,$25005.86
114,Geri,191,$6378.88
115,Anatole,51,$8744.76
116,Hobie,57,$21631.01
117,Dianne,140,$15704.66
118,Etty,80,$8872.41
119,Abner,107,$16108.16
120,Carlyle,133,$13630.30
121,Obadiah,71,$17996.25
122,Eduard,112,$6036.96
123,Ketty,189,$12953.01
124,Harlan,190,$8551.86
125,Ludovico,104,$27748.73
126,Berky,54,$29928.42
127,Donnie,72,$17968.43
128,Noelyn,34,$13285.58
129,Correy,28,$29698.30
130,Joleen,120,$13303.41
131,Ansley,23,$10843.17
132,Karen,191,$19899.33
133,Natale,95,$25223.22
134,Jaine,31,$18579.11
135,Mickey,54,$17523.62
136,Demott,114,$25738.67
137,Adora,74,$22334.56
138,Belle,30,$22407.37
139,Pip,99,$25611.23
140,Julie,34,$19515.08
141,Gard,138,$27039.84
142,Roi,37,$10297.97
143,Aloin,200,$9130.89
144,Pearce,63,$21073.76
145,Fanchette,40,$25744.68
146,Carline,54,$16376.23
147,Daloris,39,$12413.85
148,Pippa,35,$12809.28
149,Minna,180,$29788.81
150,Liliane,142,$25767.31
151,Erminia,133,$18723.38
152,Alix,25,$21048.93
153,Kale,141,$20923.71
154,Bryce,56,$24430.95
155,Elvira,53,$27089.73
156,Torrie,28,$21694.75
157,Vale,46,$20143.61
158,Dave,97,$16916.65
159,Gilberto,150,$10189.94
160,Gerome,62,$21393.16
161,Aksel,30,$21713.48
162,Janka,200,$17273.35
163,Emily,20,$19596.92
164,Clotilda,154,$10486.77
165,Elisabeth,32,$6498.53
166,Waylon,99,$23925.47
167,Wylma,132,$9992.88
168,Fancie,32,$12297.47
169,Maryrose,182,$14464.51
170,Josey,123,$6902.55
171,Biddie,102,$7774.40
172,Wilma,160,$17767.65
173,Binnie,192,$6615.19
174,Fidela,87,$20721.30
175,Meredith,161,$28873.07
176,Nerti,160,$16721.03
177,Janel,58,$6174.35
178,Roderich,187,$15595.35
179,Eilis,99,$7757.55
180,Sena,74,$11029.80
181,Renie,154,$28613.91
182,Carlyn,198,$14287.23
183,Jimmie,90,$12478.44
184,Jacquenetta,96,$29710.95
185,Lesli,191,$9495.23
186,Poppy,58,$12349.40
187,Blair,119,$6799.74
188,Joseph,105,$13760.93
189,Riccardo,81,$10552.26
190,Sylvester,186,$16325.05
191,Lucine,77,$20292.35
192,Stevana,112,$11134.80
193,Michel,68,$18169.38
194,Heddie,111,$25541.24
195,Gordan,184,$25749.00
196,Olivia,182,$26369.55
197,Carleton,21,$24261.28
198,Nolie,46,$29562.42
199,Sabine,187,$15744.82
200,Goddart,37,$23489.44
201,Juanita,87,$22647.14
202,Worth,178,$10203.31
203,Celie,48,$29488.43
204,Packston,74,$20451.98
205,Nicolas,42,$19953.28
206,Shawn,45,$19754.10
207,Shana,107,$28233.13
208,My,161,$23644.93
209,Lew,93,$11272.32
210,Penn,147,$24373.49
211,Anitra,178,$27903.87
212,Halie,151,$11924.30
213,Mohandis,56,$17117.15
214,Gwenneth,180,$24853.18
215,Papagena,195,$29030.60
216,Jemie,83,$11907.34
217,Harris,81,$10888.63
218,Cam,130,$11769.63
219,Herbert,196,$20091.73
220,Avigdor,51,$11743.18
221,Jeni,193,$8507.57
222,Shena,128,$29901.29
223,Ferdinand,128,$20747.19
224,Ransell,91,$20309.90
225,Buddie,100,$16061.58
226,Philbert,53,$23200.82
227,Morgun,160,$13503.81
228,Barth,134,$6333.34
229,Kaylee,181,$12037.15
230,Starlene,44,$22564.74
231,Ruggiero,102,$18974.97
232,Douglas,45,$10200.45
233,Winnifred,31,$12174.80
234,Charisse,24,$22200.35
235,Shermie,97,$6793.75
236,Aristotle,178,$7784.55
237,Bibi,132,$20282.15
238,Maddi,25,$19590.88
239,Edmon,107,$24130.60
240,Hercules,88,$12246.75
241,Preston,54,$22001.54
242,Judon,182,$7964.47
243,Silva,192,$9216.95
244,Christin,43,$22137.74
245,Claiborne,52,$24902.04
246,Petey,185,$6533.14
247,Willow,100,$29154.66
248,Vale,69,$19583.58
249,Baxy,25,$19427.27
250,Randie,180,$26502.58
251,Ruperta,160,$17704.97
252,Madge,48,$12346.74
253,Carena,192,$19079.93
254,Justin,101,$18690.19
255,Kerby,128,$6301.08
256,Burgess,197,$29553.24
257,Odette,150,$16623.30
258,Fernando,128,$22819.67
259,Lisle,88,$12223.44
260,Thurstan,136,$28632.30
261,Art,66,$8615.40
262,Solly,25,$21152.13
263,Orsa,31,$19226.60
264,Merissa,132,$18008.61
265,Anet,180,$25931.12
266,Nesta,20,$21057.55
267,Kaela,114,$19977.72
268,Gwenore,95,$29569.89
269,Cordula,111,$12283.33
270,Traver,92,$21151.65
271,Dorothea,48,$21915.97
272,Grazia,181,$19871.41
273,Kassandra,139,$12188.19
274,Izak,195,$20025.46
275,Augustus,169,$28285.19
276,Stoddard,189,$6418.79
277,Bink,123,$21386.45
278,Jennie,138,$24432.52
279,Nikos,38,$29605.64
280,Wayne,51,$29171.78
281,Onofredo,199,$28461.89
282,Bibby,59,$8947.97
283,Ileana,40,$10113.99
284,Lindsay,68,$24846.07
285,Tod,99,$6298.47
286,Otto,114,$7651.62
287,Ardine,125,$8661.55
288,Neron,32,$7493.90
289,Deidre,166,$14700.71
290,Ashlie,24,$19188.03
291,Garrik,28,$18149.72
292,Lorilee,40,$27175.07
293,Magnum,108,$11691.32
294,Mufinella,40,$9712.23
295,Valenka,90,$14983.93
296,Clay,58,$6286.38
297,Holly,107,$14877.70
298,Corabelle,172,$6299.42
299,Milt,123,$13676.88
300,Melinde,191,$12891.54
301,Cortie,36,$26353.83
302,Marchelle,113,$17365.45
303,Peder,31,$15614.33
304,Kingsly,92,$21250.47
305,Aurilia,65,$7088.60
306,Finlay,65,$17622.51
307,Siusan,189,$16909.24
308,Tabatha,25,$7959.11
309,Phineas,87,$17221.88
310,Merle,51,$11511.29
311,Lorianna,168,$20875.78
312,Sherie,65,$10215.07
313,Celestyn,153,$21489.24
314,Ashlie,185,$19029.60
315,Thia,159,$6111.80
316,Zachary,118,$26211.82
317,Andie,200,$25644.88
318,Orv,109,$21530.32
319,Dietrich,54,$12060.44
320,Karleen,50,$18055.92
321,Vidovic,181,$19021.41
322,Freddy,45,$19955.98
323,May,33,$7070.50
324,Conroy,103,$28455.33
325,Rowney,134,$13079.95
326,Darius,55,$7984.53
327,Wes,124,$17062.61
328,Ofella,159,$17816.95
329,Darice,137,$13491.77
330,Kahaleel,181,$9364.27
331,Brandais,26,$10654.54
332,Owen,136,$20422.30
333,Hunt,42,$18699.18
334,Durante,28,$12902.41
335,Gae,171,$22325.93
336,Carlina,135,$11523.22
337,Rance,61,$27570.50
338,Rosaline,40,$26262.00
339,Martguerita,134,$15959.40
340,Shandee,53,$28200.35
341,Abbey,98,$9964.46
342,Peria,109,$11860.03
343,Leanor,180,$28225.94
344,Kylynn,148,$24929.21
345,Rana,154,$27654.51
346,Jonah,100,$13847.78
347,Pauly,70,$26618.79
348,Haley,69,$6249.61
349,Meagan,178,$11801.48
350,Debby,37,$19757.90
351,Alane,53,$28382.84
352,Missy,26,$9768.79
353,Leland,96,$6964.91
354,Peyton,138,$20203.17
355,Nita,134,$18846.53
356,Agretha,40,$19175.41
357,Selene,33,$11811.95
358,Tania,151,$13372.56
359,Mason,94,$18784.59
360,Constantina,173,$26833.77
361,Brig,49,$21543.92
362,Conrad,50,$19044.72
363,Harri,179,$26693.39
364,Stillman,170,$19359.45
365,Fred,134,$12825.83
366,Luciana,66,$12060.10
367,Shermie,190,$10443.92
368,Noble,139,$9504.29
369,Anny,134,$18396.37
370,Consalve,47,$29151.67
371,Rowena,73,$21063.25
372,Madlen,162,$6237.93
373,Sharyl,38,$24951.19
374,Kellen,184,$20119.59
375,Flo,80,$14477.58
376,Gussi,123,$12319.24
377,Yves,104,$21885.05
378,Wang,51,$17394.84
379,Rochelle,85,$20381.43
380,Christi,104,$25522.75
381,Malena,146,$28777.18
382,Kipper,34,$19609.40
383,Westleigh,33,$26879.86
384,Darryl,150,$29455.65
385,Colene,93,$22502.14
386,Teena,30,$7760.14
387,Tomasine,189,$14391.12
388,Terri,98,$27621.15
389,Hana,79,$25344.57
390,Valdemar,148,$23521.44
391,Meta,40,$9407.38
392,Etta,41,$29175.54
393,Elisabeth,164,$12639.74
394,Kristo,195,$28632.97
395,Benji,188,$28028.36
396,Tyler,65,$8760.30
397,Ursola,104,$24797.96
398,Natka,72,$17597.83
399,Dix,87,$11905.66
400,Jervis,142,$7222.46
401,Kristine,79,$24594.07
402,Anson,48,$9877.29
403,Ettie,109,$28592.88
404,Maddy,32,$22825.59
405,Caryl,84,$9586.60
406,Archy,152,$7052.08
407,Pierson,37,$9438.02
408,Jeno,134,$6299.29
409,Maynard,157,$6679.78
410,Brittne,37,$7316.17
411,Ross,77,$16918.27
412,Helli,134,$13570.32
413,Candide,41,$14000.77
414,Bess,138,$8671.23
415,Clara,136,$18002.98
416,Laurent,191,$26038.54
417,Damaris,75,$26750.48
418,Dilan,140,$6631.15
419,Germaine,110,$22477.70
420,Vincenz,34,$13962.73
421,Carling,65,$27850.47
422,Bernete,173,$29362.17
423,Eddi,174,$26356.19
424,Cherry,100,$18655.15
425,Dannel,37,$29191.47
426,Alix,102,$24772.00
427,Sollie,114,$12703.11
428,Kirbee,81,$8830.06
429,Quinn,84,$15002.86
430,Rosco,102,$14459.78
431,Angeli,133,$8185.97
432,Alyse,29,$9728.02
433,Pauline,24,$27438.52
434,Debora,148,$9037.27
435,Darrin,123,$15968.17
436,Inglebert,169,$29193.19
437,Levin,121,$17523.00
438,Pebrook,126,$29081.93
439,Katheryn,26,$10012.10
440,Chrissie,94,$9241.74
441,Humphrey,35,$24767.84
442,Kenny,42,$19748.80
443,Charmion,45,$11578.81
444,Bartholomeus,90,$28043.51
445,Valentina,197,$19146.31
446,Waylan,179,$21871.29
447,Joete,23,$24635.06
448,Nicholle,178,$27350.57
449,Annalee,30,$15135.20
450,Jeanna,184,$22542.41
451,Kinna,138,$15953.01
452,Hinze,145,$22046.08
453,Murry,51,$7464.82
454,Magda,41,$8312.56
455,Velma,66,$22320.11
456,Melly,93,$8171.68
457,Cassie,84,$24652.16
458,Ossie,51,$18742.28
459,Hamil,167,$29644.01
460,Vince,74,$18928.47
461,Mavis,145,$7909.73
462,Karlotta,169,$23014.29
463,Emmett,94,$7357.15
464,Kaylee,43,$19613.35
465,Jackqueline,168,$8913.08
466,Wade,100,$20907.80
467,Charla,167,$22830.07
468,Flora,99,$13937.71
469,Henka,127,$14549.11
470,Jaquenetta,175,$29957.98
471,Dallas,120,$21610.00
472,Drucie,67,$22822.36
473,Anstice,128,$22862.30
474,Lesley,52,$10686.52
475,Gustav,199,$23213.79
476,Anthiathia,107,$10443.50
477,Wilt,141,$12945.11
478,Leif,51,$7998.56
479,Uriah,71,$29064.84
480,Ginnie,78,$21416.86
481,Coleen,140,$29976.74
482,Carla,112,$24043.86
483,Fidelio,119,$6796.73
484,Gustie,141,$22580.34
485,Mayer,70,$24788.18
486,Jannel,164,$19866.92
487,Gipsy,96,$20606.36
488,Adah,194,$10622.22
489,Aldo,34,$25410.41
490,Cosmo,40,$26476.69
491,Smitty,65,$11136.23
492,Ethyl,138,$6641.02
493,Esta,164,$21649.51
494,Lucita,157,$22956.12
495,Dallis,53,$24743.86
496,Cornie,45,$28933.69
497,Bernette,39,$26191.31
498,Donall,127,$19695.12
499,Addy,40,$18550.36
500,Ravid,102,$13923.70
501,Eldredge,192,$22694.83
502,Caresa,122,$6290.77
503,Bette-ann,75,$9979.62
504,Lotty,132,$25259.78
505,Marlo,42,$13661.81
506,Rennie,48,$8655.26
507,Beret,65,$11703.20
508,Catlaina,100,$27336.13
509,Monte,187,$6907.28
510,Gayel,131,$27698.64
511,Mildrid,72,$11613.02
512,Tandy,50,$10990.75
513,Nanni,112,$14286.55
514,Bartlet,94,$20270.02
515,Valencia,27,$20891.25
516,Sauveur,200,$19679.76
517,Woody,104,$10231.45
518,Ophelie,91,$29125.84
519,Ford,184,$25927.30
520,Pat,21,$24561.23
521,Isadora,126,$26004.62
522,Leora,172,$15427.54
523,Wadsworth,31,$26175.43
524,Zondra,178,$21699.62
525,Arnie,20,$8864.09
526,Jourdain,200,$11008.91
527,Ariana,22,$9742.06
528,Raffaello,96,$10544.33
529,Jinny,101,$9267.17
530,Arden,81,$15868.44
531,Kerry,155,$12312.33
532,Clarke,194,$26667.19
533,Tommi,35,$29170.98
534,Michal,48,$20809.51
535,Myrtia,103,$15423.56
536,Richard,188,$6915.13
537,Fleurette,175,$13991.62
538,Kirby,44,$13820.25
539,Diane-marie,100,$18771.78
540,Poppy,101,$11499.52
541,Zachery,41,$15925.58
542,Manny,28,$26779.34
543,Aluino,93,$25698.20
544,Falkner,103,$21199.01
545,Carlo,52,$27335.38
546,Nicol,56,$29985.92
547,Eamon,85,$7112.90
548,Ofelia,51,$14737.31
549,Ruthy,119,$6256.92
550,Marchall,119,$27042.04
551,Dorolisa,39,$7864.47
552,Brittan,171,$25749.99
553,Neely,89,$19523.04
554,Rosemonde,163,$26936.22
555,Alfonse,69,$26091.14
556,Neda,62,$27604.64
557,Rici,99,$9932.89
558,Arnoldo,76,$12527.43
559,Johanna,83,$13616.12
560,Blithe,44,$16081.95
561,Alika,61,$16944.98
562,Lettie,44,$9817.71
563,Darsey,181,$21479.81
564,Federico,194,$8862.59
565,Codie,139,$19973.80
566,Patten,68,$20688.54
567,Elvira,67,$18587.55
568,Marjy,174,$12697.49
569,Reidar,139,$24916.53
570,Yvon,78,$21118.10
571,Miguelita,91,$7814.36
572,Dar,78,$8563.56
573,Jeannine,139,$9230.19
574,Goran,131,$17442.87
575,Shandie,69,$6413.50
576,Kaela,128,$27288.32
577,Anallese,37,$6183.47
578,Baxter,56,$23692.55
579,Sara,151,$9244.40
580,Myrta,81,$6024.99
581,Warde,74,$24928.48
582,Kial,92,$16487.05
583,Amye,75,$15999.57
584,Leann,41,$11167.80
585,Amos,46,$27918.90
586,El,185,$23810.58
587,Stevie,184,$23670.91
588,Findlay,198,$17452.23
589,Cassius,89,$28516.41
590,Abby,188,$17176.31
591,Ev,148,$23350.85
592,Carena,180,$29288.64
593,Evangeline,133,$16346.50
594,Alexandr,70,$14605.78
595,Lottie,58,$24708.77
596,Jerrilee,36,$19467.71
597,Kenneth,150,$16207.76
598,Julio,64,$22857.67
599,Alfy,123,$24448.08
600,Gregoire,61,$13182.93
601,Benny,151,$12912.32
602,Arlyne,193,$24607.11
603,Bettye,63,$28769.97
604,Caria,34,$24557.74
605,Lyndell,111,$21810.25
606,Tymon,67,$10629.24
607,Ramonda,94,$28407.25
608,Waylan,69,$22341.51
609,Doe,84,$14434.41
610,Van,168,$16081.01
611,Margit,128,$8076.17
612,Gannon,48,$6613.63
613,Brenden,30,$22460.46
614,Megan,182,$6591.61
615,Tonye,121,$14961.33
616,Trent,166,$8679.82
617,Brnaba,156,$7344.04
618,Kendricks,31,$23305.21
619,Dominique,34,$23121.69
620,Magnum,190,$15136.09
621,Currie,33,$9936.17
622,Robina,159,$14006.92
623,Krissie,70,$17472.58
624,Phaidra,53,$21457.95
625,Jeffy,68,$8248.92
626,Eamon,83,$17588.21
627,Noach,30,$11845.70
628,Melinde,41,$11151.24
629,Percival,191,$7783.98
630,Franciskus,56,$26748.59
631,Karyl,38,$15811.13
632,Willem,149,$24654.79
633,Cal,172,$24637.19
634,Julia,93,$24791.53
635,Udell,139,$14019.94
636,Vita,49,$8249.73
637,Millard,83,$6508.83
638,Roxana,195,$6058.24
639,Lazaro,169,$7408.99
640,Darnall,182,$6708.00
641,Terra,26,$8783.98
642,Estel,150,$10471.54
643,Christian,117,$6704.49
644,Shae,114,$6126.79
645,Anabal,141,$8261.19
646,Burke,150,$21535.06
647,Emily,34,$7766.60
648,Ninnetta,73,$25853.61
649,Thebault,141,$24452.42
650,Anet,186,$12360.33
651,Rickey,152,$26559.01
652,Brynne,39,$24823.27
653,Jordan,140,$25245.78
654,Tana,173,$11894.71
655,Blinny,117,$14929.08
656,Gustavo,159,$12776.81
657,Ransell,122,$29311.51
658,Edgard,198,$12363.36
659,Sheela,114,$7584.64
660,Jessie,195,$21232.20
661,Cyndie,29,$27948.83
662,Jerrold,45,$16655.65
663,Garvey,163,$14259.66
664,Kerianne,118,$17440.69
665,Waverley,81,$18968.03
666,Ilse,182,$11306.46
667,Dinnie,89,$18464.10
668,Milton,39,$11683.47
669,Shel,183,$16448.70
670,Noni,105,$9792.85
671,Coretta,133,$26460.79
672,Cooper,91,$7601.52
673,Hector,71,$13236.66
674,Bernhard,124,$12659.91
675,Jennee,133,$28502.68
676,Charissa,159,$17998.37
677,Sanson,146,$18776.88
678,Demeter,188,$10109.28
679,Dickie,59,$12034.47
680,Hetty,143,$23621.26
681,Mallissa,136,$29920.83
682,Clim,48,$11385.58
683,Carilyn,133,$21874.26
684,Daisi,77,$7315.30
685,Cher,184,$20061.12
686,Donica,64,$23460.88
687,Krispin,28,$7369.23
688,Bethina,104,$24594.59
689,Jecho,76,$12794.75
690,Jud,77,$19704.00
691,Paten,138,$20046.29
692,Sibyl,183,$15676.45
693,Mariellen,85,$26134.70
694,Cindee,162,$8601.66
695,Reginauld,49,$20117.06
696,Adolphe,140,$18661.29
697,Dorene,89,$6818.29
698,Peyton,35,$11652.57
699,Cher,194,$18514.06
700,Renault,44,$12529.50
701,Carlina,103,$21164.14
702,Brose,39,$25916.15
703,Ileane,187,$22736.87
704,Paulita,63,$7030.20
705,Theodosia,72,$11311.13
706,Husein,126,$9014.85
707,Georas,190,$9823.79
708,Filbert,101,$21713.92
709,Brinna,40,$17599.48
710,Alyson,166,$8905.07
711,Valerie,176,$10183.90
712,Kevyn,134,$29894.58
713,Jacki,136,$18677.04
714,Ericka,108,$16170.31
715,Darnall,155,$12261.47
716,Terra,75,$26474.73
717,Vic,164,$22645.04
718,Gay,61,$15865.25
719,Winnie,161,$27517.04
720,Eugenia,90,$7251.30
721,Clary,167,$20966.40
722,Susana,110,$8918.51
723,Fanny,65,$22772.76
724,Reggis,135,$14337.48
725,Arliene,149,$28311.31
726,Jose,114,$28242.59
727,Juli,61,$26266.47
728,Alexio,160,$28926.72
729,Deeanne,67,$22926.46
730,Aleece,188,$13074.04
731,Valentina,53,$7235.84
732,Chet,46,$11496.18
733,Pat,40,$22424.44
734,Suzette,198,$11791.32
735,Nicolette,28,$12329.51
736,Harper,40,$17790.23
737,Emerson,103,$16134.29
738,Brigitte,181,$20562.62
739,Willetta,46,$11744.05
740,Debbie,90,$15374.34
741,Caryl,145,$26236.88
742,Britni,93,$15900.51
743,Meryl,77,$15470.12
744,Devin,105,$23772.74
745,Hardy,149,$19706.23
746,Hertha,57,$29684.70
747,Charley,39,$21297.39
748,Nissy,119,$21731.19
749,Blondelle,197,$6779.28
750,Wain,35,$16216.14
751,Grady,88,$21673.68
752,Juanita,137,$26636.47
753,Janine,64,$24810.08
754,Cosimo,196,$16382.99
755,Jacklin,93,$11270.75
756,Willi,78,$18716.46
757,Marjorie,72,$19695.04
758,Alanson,170,$16403.84
759,Rakel,128,$23897.13
760,Gaelan,95,$16892.73
761,Charita,144,$18249.96
762,Kimberley,64,$9765.13
763,Conchita,119,$9192.78
764,Marty,41,$7761.33
765,Meredith,130,$8412.18
766,Adria,155,$16399.97
767,Randene,145,$28711.30
768,Waldemar,68,$15344.16
769,Boone,108,$12392.54
770,Hilary,96,$14114.99
771,Edan,44,$11884.26
772,Fergus,26,$9207.34
773,Emlyn,56,$29737.15
774,Jill,71,$6281.32
775,Merola,42,$20077.07
776,Orsola,21,$16677.66
777,Chancey,142,$7691.11
778,Paolina,110,$13163.76
779,Alison,153,$8977.65
780,Merrick,174,$21734.97
781,Valina,172,$18718.28
782,Alessandro,101,$19678.47
783,Ashlan,46,$27166.36
784,Sophie,87,$12381.15
785,Waneta,45,$13768.02
786,Lilith,107,$14888.22
787,Gabriel,128,$9255.83
788,Lydie,168,$14400.22
789,Tadeas,35,$19942.88
790,Shayna,141,$7087.78
791,Derril,34,$28928.79
792,Steffi,144,$23215.33
793,Kyle,23,$7791.43
794,Bette-ann,168,$9385.70
795,Olimpia,38,$27673.11
796,Stoddard,97,$28496.36
797,Luke,198,$28291.09
798,Monte,164,$16760.87
799,Theodoric,63,$26097.95
800,Mair,67,$10105.07
801,Sean,113,$14843.24
802,Madison,33,$19518.88
803,Joseito,67,$16282.78
804,Corbin,55,$21232.14
805,Ilario,135,$16412.48
806,Arnoldo,49,$10525.78
807,Tadeo,196,$19700.64
808,Syman,192,$22205.35
809,Colline,167,$7602.76
810,Silva,62,$11409.61
811,Rebeca,30,$15388.67
812,Burl,115,$6034.53
813,Minta,91,$21852.14
814,Kandace,40,$19655.16
815,Esmeralda,67,$29414.60
816,Sebastian,134,$6127.05
817,Thorsten,138,$12289.90
818,Marvin,155,$11191.39
819,Holt,56,$19623.94
820,Kaycee,51,$22278.09
821,Cortney,184,$27691.44
822,Olenolin,27,$26504.10
823,Langsdon,144,$28635.16
824,Pernell,197,$22163.82
825,Zandra,111,$10046.35
826,Jimmie,80,$29054.07
827,Augustine,85,$20380.34
828,Elsbeth,78,$21192.28
829,Ardelle,58,$6943.64
830,Lotta,168,$21894.74
831,Eda,150,$25831.84
832,Ellary,49,$14272.79
833,Warden,144,$29399.35
834,Reese,52,$20724.40
835,Alessandra,171,$24417.14
836,Randall,161,$11331.28
837,Anette,171,$17711.00
838,Dewey,184,$29385.41
839,Tallou,189,$26241.12
840,Mychal,33,$21035.32
841,Millard,22,$14807.10
842,Kariotta,146,$14161.30
843,Robinia,159,$23714.96
844,Hilary,109,$26487.24
845,Marlon,80,$21944.17
846,Anallise,144,$16486.01
847,Vyky,157,$12120.46
848,Kris,80,$24289.93
849,Bert,63,$17564.88
850,Liza,194,$14241.48
851,Maximilien,171,$21887.93
852,Stephen,113,$7954.93
853,Paton,189,$7471.58
854,Craig,124,$28579.15
855,Aldric,50,$21492.28
856,Koo,163,$28739.28
857,Dewey,22,$23577.44
858,Tiebold,32,$19704.70
859,Brittany,39,$14279.97
860,Anna-diana,117,$29692.91
861,Shara,41,$13485.72
862,Pet,191,$7699.81
863,Rosita,142,$24935.82
864,Wildon,24,$26401.05
865,Chick,110,$10219.04
866,Doll,118,$16328.55
867,Peta,167,$6726.25
868,Donaugh,198,$20738.55
869,Erena,71,$20730.36
870,Lodovico,77,$13953.06
871,Irena,22,$6781.18
872,Joellyn,115,$23651.03
873,Aura,166,$21847.87
874,Kerr,59,$6495.08
875,Yolane,177,$24633.35
876,Julianne,33,$15004.14
877,Brigida,147,$25013.10
878,Allene,72,$13976.67
879,Louisa,176,$23737.94
880,Dahlia,52,$9753.67
881,Eleni,38,$27908.69
882,Ree,162,$16708.49
883,Richmound,156,$10402.00
884,Brandais,73,$11824.91
885,Irina,88,$29635.81
886,Fawne,130,$28328.89
887,Kellen,33,$11814.28
888,Malinda,30,$13327.18
889,Alick,174,$25834.33
890,Nathaniel,27,$7763.12
891,Spence,107,$18341.50
892,Maddie,194,$20688.06
893,Roger,53,$24668.50
894,Alejoa,197,$7620.67
895,Cher,128,$8297.57
896,Kat,123,$21736.75
897,Decca,124,$22113.49
898,Dannye,43,$9255.73
899,Ann-marie,176,$18790.96
900,Silvan,51,$6443.85
901,Shaine,164,$13913.84
902,Faustine,95,$10851.36
903,Mavra,99,$16877.21
904,Reggie,21,$27414.38
905,Magdalena,184,$28468.96
906,Newton,195,$14587.59
907,Aluino,132,$14793.78
908,Jodi,173,$15867.36
909,Mufinella,151,$12573.26
910,Edie,157,$24151.47
911,Kania,165,$19129.03
912,Timmie,197,$26205.41
913,Keir,139,$29702.06
914,Melamie,86,$9735.97
915,Minetta,26,$16680.59
916,Dianna,70,$21024.02
917,Yetta,133,$7136.29
918,Ricki,79,$28847.22
919,Janel,182,$8744.03
920,Richmound,99,$29298.20
921,Charline,91,$18030.84
922,Caralie,118,$27911.54
923,Kaila,130,$20147.59
924,Felipe,182,$26566.19
925,Nestor,83,$26266.46
926,Almire,23,$20356.00
927,Gussi,148,$20553.32
928,Gilbertine,124,$13670.23
929,Sybilla,152,$8065.50
930,Dorri,153,$25974.32
931,Sawyer,136,$16740.12
932,Caroljean,111,$26551.83
933,Hyman,90,$27205.33
934,Sheri,152,$6344.14
935,Cosette,38,$20400.16
936,Jervis,199,$10572.99
937,Arte,163,$7056.88
938,Theodoric,131,$18006.41
939,Sacha,120,$17243.51
940,Ermina,149,$15809.18
941,Even,117,$6491.74
942,Evangelia,179,$21516.89
943,Clyve,141,$21085.55
944,Tansy,197,$13982.28
945,Jacenta,114,$27036.61
946,Karoly,183,$7624.61
947,Mona,141,$8007.58
948,Shaun,50,$6116.03
949,Rafi,48,$24193.81
950,Torie,44,$18600.80
951,Armin,94,$25558.45
952,Hall,41,$24681.04
953,Dorene,177,$27441.77
954,Frederica,177,$15453.61
955,Siouxie,109,$21767.07
956,Price,105,$23432.84
957,Mathian,49,$15226.89
958,Evonne,151,$14457.61
959,Linnie,102,$23293.95
960,Vere,135,$19164.22
961,Georgeta,72,$14784.17
962,Terra,84,$17210.98
963,Nicholle,195,$23636.54
964,Elvin,154,$11241.45
965,West,98,$26415.88
966,Tammy,140,$8066.16
967,Georgette,170,$13884.49
968,Cyndia,65,$17095.59
969,Shannah,20,$9099.29
970,Shanan,55,$25452.31
971,Danya,36,$6704.15
972,Anestassia,57,$16163.46
973,Nelle,120,$25327.28
974,Pauly,200,$24924.45
975,Britteny,104,$27723.85
976,Iolande,199,$9727.10
977,Cherri,51,$12439.47
978,Izzy,40,$20628.65
979,Walt,24,$23103.97
980,Dav,25,$25167.93
981,Patience,173,$14905.92
982,Pansy,149,$16908.05
983,Brittani,83,$11915.33
984,Gene,123,$26441.46
985,Abbe,137,$8474.71
986,Emiline,88,$10962.84
987,Cheston,106,$6272.24
988,Rutter,49,$11204.02
989,Ami,102,$24446.50
990,Callida,184,$8520.75
991,Dorise,141,$13619.46
992,Lindi,66,$23682.41
993,Kenn,92,$28962.88
994,Nichols,25,$15560.16
995,Calvin,76,$21347.76
996,Tresa,133,$28434.95
997,Tracie,124,$12661.11
998,Gianni,182,$6166.46
999,Nicolis,122,$13100.92
1000,Branden,197,$18729.52
